"file","line","level","heading","file_type","placement_verdict","placement_rationale","order_verdict","order_rationale","cluster_id","canonical_target","axis_verdict","dedup_action","nuance_items_retained","nuance_loss_risk","nuance_retention_status"
"90_Sandbox/ai_workbooks/wp_oss_doc_visual_01_2026-03-02/README.md","12","1","Workbundle: OSS Documentation and Visual Communication","workbundle_readme","keep","Section matches file role.","keep","Section order is acceptable.","none","none","not_applicable","none","0","none","not_applicable"
"90_Sandbox/ai_workbooks/wp_oss_doc_visual_01_2026-03-02/README.md","14","2","Purpose","workbundle_readme","keep","Section matches file role.","keep","Section order is acceptable.","none","none","not_applicable","none","0","none","not_applicable"
"90_Sandbox/ai_workbooks/wp_oss_doc_visual_01_2026-03-02/README.md","20","2","Placement Decision","workbundle_readme","keep","Section matches file role.","keep","Section order is acceptable.","none","none","not_applicable","none","0","none","not_applicable"
"90_Sandbox/ai_workbooks/wp_oss_doc_visual_01_2026-03-02/README.md","30","2","Workbooks","workbundle_readme","keep","Section matches file role.","keep","Section order is acceptable.","none","none","not_applicable","none","0","none","not_applicable"
"90_Sandbox/ai_workbooks/wp_oss_doc_visual_01_2026-03-02/README.md","42","2","Sequence","workbundle_readme","keep","Section matches file role.","keep","Section order is acceptable.","none","none","not_applicable","none","0","none","not_applicable"
"90_Sandbox/ai_workbooks/wp_oss_doc_visual_01_2026-03-02/README.md","53","2","Drafts Directory","workbundle_readme","keep","Section matches file role.","keep","Section order is acceptable.","none","none","not_applicable","none","0","none","not_applicable"
"90_Sandbox/ai_workbooks/wp_oss_doc_visual_01_2026-03-02/README.md","85","2","Compacted Context","workbundle_readme","keep","Section matches file role.","keep","Section order is acceptable.","none","none","not_applicable","none","0","none","not_applicable"
"90_Sandbox/ai_workbooks/wp_oss_doc_visual_01_2026-03-02/wb_charts_01.md","28","1","Workbook: Visual Chart Drafts","workbook","keep","Section matches file role.","keep","Section order is acceptable.","none","none","not_applicable","none","0","none","not_applicable"
"90_Sandbox/ai_workbooks/wp_oss_doc_visual_01_2026-03-02/wb_charts_01.md","30","2","Cold-Start Execution Contract","workbook","keep","Section matches file role.","keep","Section order is acceptable.","none","none","not_applicable","none","0","none","not_applicable"
"90_Sandbox/ai_workbooks/wp_oss_doc_visual_01_2026-03-02/wb_charts_01.md","50","2","Pre-Execution Readiness Gate","workbook","keep","Section matches file role.","keep","Section order is acceptable.","none","none","not_applicable","none","0","none","not_applicable"
"90_Sandbox/ai_workbooks/wp_oss_doc_visual_01_2026-03-02/wb_charts_01.md","61","2","Placement Decision Record","workbook","keep","Section matches file role.","keep","Section order is acceptable.","none","none","not_applicable","none","0","none","not_applicable"
"90_Sandbox/ai_workbooks/wp_oss_doc_visual_01_2026-03-02/wb_charts_01.md","73","2","Ordered Execution Queue","workbook","keep","Section matches file role.","keep","Section order is acceptable.","none","none","not_applicable","none","0","none","not_applicable"
"90_Sandbox/ai_workbooks/wp_oss_doc_visual_01_2026-03-02/wb_charts_01.md","99","2","Scope and Authority","workbook","keep","Section matches file role.","keep","Section order is acceptable.","none","none","not_applicable","none","0","none","not_applicable"
"90_Sandbox/ai_workbooks/wp_oss_doc_visual_01_2026-03-02/wb_charts_01.md","107","2","Target Files","workbook","keep","Section matches file role.","keep","Section order is acceptable.","none","none","not_applicable","none","0","none","not_applicable"
"90_Sandbox/ai_workbooks/wp_oss_doc_visual_01_2026-03-02/wb_charts_01.md","126","2","Placement Recommendations (fill during Task 11)","workbook","keep","Section matches file role.","keep","Section order is acceptable.","none","none","not_applicable","none","0","none","not_applicable"
"90_Sandbox/ai_workbooks/wp_oss_doc_visual_01_2026-03-02/wb_charts_01.md","143","2","Validation Commands","workbook","keep","Section matches file role.","keep","Section order is acceptable.","none","none","not_applicable","none","0","none","not_applicable"
"90_Sandbox/ai_workbooks/wp_oss_doc_visual_01_2026-03-02/wb_charts_01.md","152","2","Verification Checklist","workbook","keep","Section matches file role.","keep","Section order is acceptable.","none","none","not_applicable","none","0","none","not_applicable"
"90_Sandbox/ai_workbooks/wp_oss_doc_visual_01_2026-03-02/wb_charts_01.md","164","2","Selfcheck Results","workbook","keep","Section matches file role.","keep","Section order is acceptable.","none","none","not_applicable","none","0","none","not_applicable"
"90_Sandbox/ai_workbooks/wp_oss_doc_visual_01_2026-03-02/wb_charts_01.md","176","2","Crosscheck Stop Marker","workbook","keep","Section matches file role.","keep","Section order is acceptable.","none","none","not_applicable","none","0","none","not_applicable"
"90_Sandbox/ai_workbooks/wp_oss_doc_visual_01_2026-03-02/wb_charts_01.md","184","2","Requestor Review Gate","workbook","keep","Section matches file role.","keep","Section order is acceptable.","none","none","not_applicable","none","0","none","not_applicable"
"90_Sandbox/ai_workbooks/wp_oss_doc_visual_01_2026-03-02/wb_root_docs_01.md","30","1","Workbook: Root Document Audit and Refactor","workbook","keep","Section matches file role.","keep","Section order is acceptable.","none","none","not_applicable","none","0","none","not_applicable"
"90_Sandbox/ai_workbooks/wp_oss_doc_visual_01_2026-03-02/wb_root_docs_01.md","32","2","Cold-Start Execution Contract","workbook","keep","Section matches file role.","keep","Section order is acceptable.","none","none","not_applicable","none","0","none","not_applicable"
"90_Sandbox/ai_workbooks/wp_oss_doc_visual_01_2026-03-02/wb_root_docs_01.md","45","2","Pre-Execution Readiness Gate","workbook","keep","Section matches file role.","keep","Section order is acceptable.","none","none","not_applicable","none","0","none","not_applicable"
"90_Sandbox/ai_workbooks/wp_oss_doc_visual_01_2026-03-02/wb_root_docs_01.md","56","2","Placement Decision Record","workbook","keep","Section matches file role.","keep","Section order is acceptable.","none","none","not_applicable","none","0","none","not_applicable"
"90_Sandbox/ai_workbooks/wp_oss_doc_visual_01_2026-03-02/wb_root_docs_01.md","68","2","Dependency Impact Contract","workbook","keep","Section matches file role.","keep","Section order is acceptable.","none","none","not_applicable","none","0","none","not_applicable"
"90_Sandbox/ai_workbooks/wp_oss_doc_visual_01_2026-03-02/wb_root_docs_01.md","76","2","Ordered Execution Queue","workbook","keep","Section matches file role.","keep","Section order is acceptable.","none","none","not_applicable","none","0","none","not_applicable"
"90_Sandbox/ai_workbooks/wp_oss_doc_visual_01_2026-03-02/wb_root_docs_01.md","78","3","Phase 1: Audit (Agent — read-only)","workbook","keep","Section matches file role.","keep","Section order is acceptable.","none","none","not_applicable","none","0","none","not_applicable"
"90_Sandbox/ai_workbooks/wp_oss_doc_visual_01_2026-03-02/wb_root_docs_01.md","93","3","Phase 2: Draft (Agent)","workbook","keep","Section matches file role.","keep","Section order is acceptable.","none","none","not_applicable","none","0","none","not_applicable"
"90_Sandbox/ai_workbooks/wp_oss_doc_visual_01_2026-03-02/wb_root_docs_01.md","107","3","Phase 3: Apply (Agent + Operator approval)","workbook","keep","Section matches file role.","keep","Section order is acceptable.","none","none","not_applicable","none","0","none","not_applicable"
"90_Sandbox/ai_workbooks/wp_oss_doc_visual_01_2026-03-02/wb_root_docs_01.md","113","3","Phase 4: Validation","workbook","keep","Section matches file role.","keep","Section order is acceptable.","none","none","not_applicable","none","0","none","not_applicable"
"90_Sandbox/ai_workbooks/wp_oss_doc_visual_01_2026-03-02/wb_root_docs_01.md","120","2","Scope and Authority","workbook","keep","Section matches file role.","keep","Section order is acceptable.","none","none","not_applicable","none","0","none","not_applicable"
"90_Sandbox/ai_workbooks/wp_oss_doc_visual_01_2026-03-02/wb_root_docs_01.md","128","2","Target Files","workbook","keep","Section matches file role.","keep","Section order is acceptable.","none","none","not_applicable","none","0","none","not_applicable"
"90_Sandbox/ai_workbooks/wp_oss_doc_visual_01_2026-03-02/wb_root_docs_01.md","139","2","Deferred Items","workbook","keep","Section matches file role.","keep","Section order is acceptable.","none","none","not_applicable","none","0","none","not_applicable"
"90_Sandbox/ai_workbooks/wp_oss_doc_visual_01_2026-03-02/wb_root_docs_01.md","149","2","Validation Commands","workbook","keep","Section matches file role.","keep","Section order is acceptable.","none","none","not_applicable","none","0","none","not_applicable"
"90_Sandbox/ai_workbooks/wp_oss_doc_visual_01_2026-03-02/wb_root_docs_01.md","160","2","Verification Checklist","workbook","keep","Section matches file role.","keep","Section order is acceptable.","none","none","not_applicable","none","0","none","not_applicable"
"90_Sandbox/ai_workbooks/wp_oss_doc_visual_01_2026-03-02/wb_root_docs_01.md","173","2","Selfcheck Results","workbook","keep","Section matches file role.","keep","Section order is acceptable.","none","none","not_applicable","none","0","none","not_applicable"
"90_Sandbox/ai_workbooks/wp_oss_doc_visual_01_2026-03-02/wb_root_docs_01.md","189","2","Crosscheck Stop Marker","workbook","keep","Section matches file role.","keep","Section order is acceptable.","none","none","not_applicable","none","0","none","not_applicable"
"90_Sandbox/ai_workbooks/wp_oss_doc_visual_01_2026-03-02/wb_root_docs_01.md","197","2","Requestor Review Gate","workbook","keep","Section matches file role.","keep","Section order is acceptable.","none","none","not_applicable","none","0","none","not_applicable"
"90_Sandbox/ai_workbooks/wp_oss_doc_visual_01_2026-03-02/wb_role_drift_01.md","28","1","Workbook: Role Token Drift Audit and Standardization","workbook","keep","Section matches file role.","keep","Section order is acceptable.","none","none","not_applicable","none","0","none","not_applicable"
"90_Sandbox/ai_workbooks/wp_oss_doc_visual_01_2026-03-02/wb_role_drift_01.md","30","2","Cold-Start Execution Contract","workbook","keep","Section matches file role.","keep","Section order is acceptable.","none","none","not_applicable","none","0","none","not_applicable"
"90_Sandbox/ai_workbooks/wp_oss_doc_visual_01_2026-03-02/wb_role_drift_01.md","53","2","Pre-Execution Readiness Gate","workbook","keep","Section matches file role.","keep","Section order is acceptable.","none","none","not_applicable","none","0","none","not_applicable"
"90_Sandbox/ai_workbooks/wp_oss_doc_visual_01_2026-03-02/wb_role_drift_01.md","63","2","Placement Decision Record","workbook","keep","Section matches file role.","keep","Section order is acceptable.","none","none","not_applicable","none","0","none","not_applicable"
"90_Sandbox/ai_workbooks/wp_oss_doc_visual_01_2026-03-02/wb_role_drift_01.md","75","2","Ordered Execution Queue","workbook","keep","Section matches file role.","keep","Section order is acceptable.","none","none","not_applicable","none","0","none","not_applicable"
"90_Sandbox/ai_workbooks/wp_oss_doc_visual_01_2026-03-02/wb_role_drift_01.md","77","3","Phase 1: Inventory (Agent — read/search only)","workbook","keep","Section matches file role.","keep","Section order is acceptable.","none","none","not_applicable","none","0","none","not_applicable"
"90_Sandbox/ai_workbooks/wp_oss_doc_visual_01_2026-03-02/wb_role_drift_01.md","91","3","Phase 2: Normalize Guides and Templates (Agent — L3 approved)","workbook","keep","Section matches file role.","keep","Section order is acceptable.","none","none","not_applicable","none","0","none","not_applicable"
"90_Sandbox/ai_workbooks/wp_oss_doc_visual_01_2026-03-02/wb_role_drift_01.md","99","3","Phase 3: Workflow and AGENTS.md Findings (Handoff — Level 4 gate)","workbook","keep","Section matches file role.","keep","Section order is acceptable.","none","none","not_applicable","none","0","none","not_applicable"
"90_Sandbox/ai_workbooks/wp_oss_doc_visual_01_2026-03-02/wb_role_drift_01.md","103","3","Phase 4: Validation","workbook","keep","Section matches file role.","keep","Section order is acceptable.","none","none","not_applicable","none","0","none","not_applicable"
"90_Sandbox/ai_workbooks/wp_oss_doc_visual_01_2026-03-02/wb_role_drift_01.md","110","2","Scope and Authority","workbook","keep","Section matches file role.","keep","Section order is acceptable.","none","none","not_applicable","none","0","none","not_applicable"
"90_Sandbox/ai_workbooks/wp_oss_doc_visual_01_2026-03-02/wb_role_drift_01.md","118","2","Execution Notes — Drift Analysis","workbook","keep","Section matches file role.","keep","Section order is acceptable.","none","none","not_applicable","none","0","none","not_applicable"
"90_Sandbox/ai_workbooks/wp_oss_doc_visual_01_2026-03-02/wb_role_drift_01.md","120","3","Terminology Distinction (Critical)","workbook","keep","Section matches file role.","keep","Section order is acceptable.","none","none","not_applicable","none","0","none","not_applicable"
"90_Sandbox/ai_workbooks/wp_oss_doc_visual_01_2026-03-02/wb_role_drift_01.md","140","2","Drift Catalog (Phase 1 findings)","workbook","keep","Section matches file role.","keep","Section order is acceptable.","none","none","not_applicable","none","0","none","not_applicable"
"90_Sandbox/ai_workbooks/wp_oss_doc_visual_01_2026-03-02/wb_role_drift_01.md","158","2","Change Log (Phase 2 normalizations applied)","workbook","keep","Section matches file role.","keep","Section order is acceptable.","none","none","not_applicable","none","0","none","not_applicable"
"90_Sandbox/ai_workbooks/wp_oss_doc_visual_01_2026-03-02/wb_role_drift_01.md","168","2","Deferred Items (Level 4 findings — workflow files, no edits applied)","workbook","keep","Section matches file role.","keep","Section order is acceptable.","none","none","not_applicable","none","0","none","not_applicable"
"90_Sandbox/ai_workbooks/wp_oss_doc_visual_01_2026-03-02/wb_role_drift_01.md","181","2","Validation Commands","workbook","keep","Section matches file role.","keep","Section order is acceptable.","none","none","not_applicable","none","0","none","not_applicable"
"90_Sandbox/ai_workbooks/wp_oss_doc_visual_01_2026-03-02/wb_role_drift_01.md","191","2","Verification Checklist","workbook","keep","Section matches file role.","keep","Section order is acceptable.","none","none","not_applicable","none","0","none","not_applicable"
"90_Sandbox/ai_workbooks/wp_oss_doc_visual_01_2026-03-02/wb_role_drift_01.md","203","2","Selfcheck Results","workbook","keep","Section matches file role.","keep","Section order is acceptable.","none","none","not_applicable","none","0","none","not_applicable"
"90_Sandbox/ai_workbooks/wp_oss_doc_visual_01_2026-03-02/wb_role_drift_01.md","216","2","Crosscheck Stop Marker","workbook","keep","Section matches file role.","keep","Section order is acceptable.","none","none","not_applicable","none","0","none","not_applicable"
"90_Sandbox/ai_workbooks/wp_oss_doc_visual_01_2026-03-02/wb_role_drift_01.md","224","2","Requestor Review Gate","workbook","keep","Section matches file role.","keep","Section order is acceptable.","none","none","not_applicable","none","0","none","not_applicable"
"90_Sandbox/ai_workbooks/wp_oss_doc_visual_01_2026-03-02/wb_template_reorg_01.md","40","1","Workbook: Template Section Reorganization and Execution Strategy Standard","workbook","keep","Section matches file role.","keep","Section order is acceptable.","none","none","not_applicable","none","0","none","not_applicable"
"90_Sandbox/ai_workbooks/wp_oss_doc_visual_01_2026-03-02/wb_template_reorg_01.md","42","2","Status Checklist","workbook","keep","Section matches file role.","keep","Section order is acceptable.","none","none","not_applicable","none","0","none","not_applicable"
"90_Sandbox/ai_workbooks/wp_oss_doc_visual_01_2026-03-02/wb_template_reorg_01.md","61","2","Approvals and Decisions","workbook","keep","Section matches file role.","keep","Section order is acceptable.","none","none","not_applicable","none","0","none","not_applicable"
"90_Sandbox/ai_workbooks/wp_oss_doc_visual_01_2026-03-02/wb_template_reorg_01.md","65","3","Pre-Authorized","workbook","keep","Section matches file role.","keep","Section order is acceptable.","none","none","not_applicable","none","0","none","not_applicable"
"90_Sandbox/ai_workbooks/wp_oss_doc_visual_01_2026-03-02/wb_template_reorg_01.md","76","3","Open Items (resolve in Phase 0)","workbook","keep","Section matches file role.","keep","Section order is acceptable.","none","none","not_applicable","none","0","none","not_applicable"
"90_Sandbox/ai_workbooks/wp_oss_doc_visual_01_2026-03-02/wb_template_reorg_01.md","80","3","Locked Design Decisions","workbook","keep","Section matches file role.","keep","Section order is acceptable.","none","none","not_applicable","none","0","none","not_applicable"
"90_Sandbox/ai_workbooks/wp_oss_doc_visual_01_2026-03-02/wb_template_reorg_01.md","92","2","Ordered Execution Queue","workbook","keep","Section matches file role.","keep","Section order is acceptable.","none","none","not_applicable","none","0","none","not_applicable"
"90_Sandbox/ai_workbooks/wp_oss_doc_visual_01_2026-03-02/wb_template_reorg_01.md","96","3","Phase 0: Cold-Start and Pre-flight (Agent — Level 0)","workbook","keep","Section matches file role.","keep","Section order is acceptable.","none","none","not_applicable","none","0","none","not_applicable"
"90_Sandbox/ai_workbooks/wp_oss_doc_visual_01_2026-03-02/wb_template_reorg_01.md","106","3","Phase 1: Inventory (Agent — Level 0)","workbook","keep","Section matches file role.","keep","Section order is acceptable.","none","none","not_applicable","none","0","none","not_applicable"
"90_Sandbox/ai_workbooks/wp_oss_doc_visual_01_2026-03-02/wb_template_reorg_01.md","115","3","Phase 2: Define Revised Section Order (Agent)","workbook","keep","Section matches file role.","keep","Section order is acceptable.","none","none","not_applicable","none","0","none","not_applicable"
"90_Sandbox/ai_workbooks/wp_oss_doc_visual_01_2026-03-02/wb_template_reorg_01.md","123","3","Phase 3: Workbook Template Drafts (Agent — iterate)","workbook","keep","Section matches file role.","keep","Section order is acceptable.","none","none","not_applicable","none","0","none","not_applicable"
"90_Sandbox/ai_workbooks/wp_oss_doc_visual_01_2026-03-02/wb_template_reorg_01.md","135","3","Phase 4: Execution Strategy Block Standard (Agent)","workbook","keep","Section matches file role.","keep","Section order is acceptable.","none","none","not_applicable","none","0","none","not_applicable"
"90_Sandbox/ai_workbooks/wp_oss_doc_visual_01_2026-03-02/wb_template_reorg_01.md","142","3","Phase 5: Bundle and Program README Drafts (Agent)","workbook","keep","Section matches file role.","keep","Section order is acceptable.","none","none","not_applicable","none","0","none","not_applicable"
"90_Sandbox/ai_workbooks/wp_oss_doc_visual_01_2026-03-02/wb_template_reorg_01.md","151","3","Phase 6: Apply to Canonical Templates (Agent — L3 approved)","workbook","keep","Section matches file role.","keep","Section order is acceptable.","none","none","not_applicable","none","0","none","not_applicable"
"90_Sandbox/ai_workbooks/wp_oss_doc_visual_01_2026-03-02/wb_template_reorg_01.md","157","3","Phase 7: Validation","workbook","keep","Section matches file role.","keep","Section order is acceptable.","none","none","not_applicable","none","0","none","not_applicable"
"90_Sandbox/ai_workbooks/wp_oss_doc_visual_01_2026-03-02/wb_template_reorg_01.md","162","3","Phase 8: Completion Finalization (Agent)","workbook","keep","Section matches file role.","keep","Section order is acceptable.","none","none","not_applicable","none","0","none","not_applicable"
"90_Sandbox/ai_workbooks/wp_oss_doc_visual_01_2026-03-02/wb_template_reorg_01.md","168","3","Phase 9: Selfcheck","workbook","keep","Section matches file role.","keep","Section order is acceptable.","none","none","not_applicable","none","0","none","not_applicable"
"90_Sandbox/ai_workbooks/wp_oss_doc_visual_01_2026-03-02/wb_template_reorg_01.md","173","3","Phase 10: Crosscheck","workbook","keep","Section matches file role.","keep","Section order is acceptable.","none","none","not_applicable","none","0","none","not_applicable"
"90_Sandbox/ai_workbooks/wp_oss_doc_visual_01_2026-03-02/wb_template_reorg_01.md","181","2","Cold-Start Execution Contract","workbook","keep","Section matches file role.","keep","Section order is acceptable.","none","none","not_applicable","none","0","none","not_applicable"
"90_Sandbox/ai_workbooks/wp_oss_doc_visual_01_2026-03-02/wb_template_reorg_01.md","214","2","Pre-Execution Readiness Gate","workbook","keep","Section matches file role.","keep","Section order is acceptable.","none","none","not_applicable","none","0","none","not_applicable"
"90_Sandbox/ai_workbooks/wp_oss_doc_visual_01_2026-03-02/wb_template_reorg_01.md","224","2","Placement Decision Record","workbook","keep","Section matches file role.","keep","Section order is acceptable.","none","none","not_applicable","none","0","none","not_applicable"
"90_Sandbox/ai_workbooks/wp_oss_doc_visual_01_2026-03-02/wb_template_reorg_01.md","236","2","Design Principles for Revised Templates","workbook","keep","Section matches file role.","keep","Section order is acceptable.","none","none","not_applicable","none","0","none","not_applicable"
"90_Sandbox/ai_workbooks/wp_oss_doc_visual_01_2026-03-02/wb_template_reorg_01.md","333","2","Execution Strategy Block Standard (Draft)","workbook","keep","Section matches file role.","keep","Section order is acceptable.","none","none","not_applicable","none","0","none","not_applicable"
"90_Sandbox/ai_workbooks/wp_oss_doc_visual_01_2026-03-02/wb_template_reorg_01.md","341","3","Execution Strategy Section Template","workbook","keep","Section matches file role.","keep","Section order is acceptable.","none","none","not_applicable","none","0","none","not_applicable"
"90_Sandbox/ai_workbooks/wp_oss_doc_visual_01_2026-03-02/wb_template_reorg_01.md","367","2","Proposed Revised Section Order (New Standard)","workbook","keep","Section matches file role.","keep","Section order is acceptable.","none","none","not_applicable","none","0","none","not_applicable"
"90_Sandbox/ai_workbooks/wp_oss_doc_visual_01_2026-03-02/wb_template_reorg_01.md","405","2","Target Files","workbook","keep","Section matches file role.","keep","Section order is acceptable.","none","none","not_applicable","none","0","none","not_applicable"
"90_Sandbox/ai_workbooks/wp_oss_doc_visual_01_2026-03-02/wb_template_reorg_01.md","430","2","Validation Commands","workbook","keep","Section matches file role.","keep","Section order is acceptable.","none","none","not_applicable","none","0","none","not_applicable"
"90_Sandbox/ai_workbooks/wp_oss_doc_visual_01_2026-03-02/wb_template_reorg_01.md","440","2","Verification Checklist","workbook","keep","Section matches file role.","keep","Section order is acceptable.","none","none","not_applicable","none","0","none","not_applicable"
"90_Sandbox/ai_workbooks/wp_oss_doc_visual_01_2026-03-02/wb_template_reorg_01.md","456","2","Execution Notes","workbook","keep","Section matches file role.","keep","Section order is acceptable.","none","none","not_applicable","none","0","none","not_applicable"
"90_Sandbox/ai_workbooks/wp_oss_doc_visual_01_2026-03-02/wb_template_reorg_01.md","458","3","Session 2026-03-02 — Workbook Updated","workbook","keep","Section matches file role.","keep","Section order is acceptable.","none","none","not_applicable","none","0","none","not_applicable"
"90_Sandbox/ai_workbooks/wp_oss_doc_visual_01_2026-03-02/wb_template_reorg_01.md","469","2","Selfcheck Results","workbook","keep","Section matches file role.","keep","Section order is acceptable.","none","none","not_applicable","none","0","none","not_applicable"
"90_Sandbox/ai_workbooks/wp_oss_doc_visual_01_2026-03-02/wb_template_reorg_01.md","489","2","Crosscheck Stop Marker","workbook","keep","Section matches file role.","keep","Section order is acceptable.","none","none","not_applicable","none","0","none","not_applicable"
"90_Sandbox/ai_workbooks/wp_oss_doc_visual_01_2026-03-02/wb_template_reorg_01.md","497","2","Requestor Review Gate","workbook","keep","Section matches file role.","keep","Section order is acceptable.","none","none","not_applicable","none","0","none","not_applicable"
"90_Sandbox/ai_workbooks/wp_oss_doc_visual_01_2026-03-02/wb_retirement_01.md","28","1","Workbook: Retired Document Disposition","workbook","keep","Section matches file role.","keep","Section order is acceptable.","none","none","not_applicable","none","0","none","not_applicable"
"90_Sandbox/ai_workbooks/wp_oss_doc_visual_01_2026-03-02/wb_retirement_01.md","30","2","Cold-Start Execution Contract","workbook","keep","Section matches file role.","keep","Section order is acceptable.","none","none","not_applicable","none","0","none","not_applicable"
"90_Sandbox/ai_workbooks/wp_oss_doc_visual_01_2026-03-02/wb_retirement_01.md","59","2","Pre-Execution Readiness Gate","workbook","keep","Section matches file role.","keep","Section order is acceptable.","none","none","not_applicable","none","0","none","not_applicable"
"90_Sandbox/ai_workbooks/wp_oss_doc_visual_01_2026-03-02/wb_retirement_01.md","69","2","Placement Decision Record","workbook","keep","Section matches file role.","keep","Section order is acceptable.","none","none","not_applicable","none","0","none","not_applicable"
"90_Sandbox/ai_workbooks/wp_oss_doc_visual_01_2026-03-02/wb_retirement_01.md","81","2","Ordered Execution Queue","workbook","keep","Section matches file role.","keep","Section order is acceptable.","none","none","not_applicable","none","0","none","not_applicable"
"90_Sandbox/ai_workbooks/wp_oss_doc_visual_01_2026-03-02/wb_retirement_01.md","96","2","Disposition Plan (fill during Task 6 before Phase 2)","workbook","keep","Section matches file role.","keep","Section order is acceptable.","none","none","not_applicable","none","0","none","not_applicable"
"90_Sandbox/ai_workbooks/wp_oss_doc_visual_01_2026-03-02/wb_retirement_01.md","105","2","Validation Commands","workbook","keep","Section matches file role.","keep","Section order is acceptable.","none","none","not_applicable","none","0","none","not_applicable"
"90_Sandbox/ai_workbooks/wp_oss_doc_visual_01_2026-03-02/wb_retirement_01.md","115","2","Verification Checklist","workbook","keep","Section matches file role.","keep","Section order is acceptable.","none","none","not_applicable","none","0","none","not_applicable"
"90_Sandbox/ai_workbooks/wp_oss_doc_visual_01_2026-03-02/wb_retirement_01.md","128","2","Selfcheck Results","workbook","keep","Section matches file role.","keep","Section order is acceptable.","none","none","not_applicable","none","0","none","not_applicable"
"90_Sandbox/ai_workbooks/wp_oss_doc_visual_01_2026-03-02/wb_retirement_01.md","143","2","Crosscheck Stop Marker","workbook","keep","Section matches file role.","keep","Section order is acceptable.","none","none","not_applicable","none","0","none","not_applicable"
"90_Sandbox/ai_workbooks/wp_oss_doc_visual_01_2026-03-02/wb_retirement_01.md","151","2","Requestor Review Gate","workbook","keep","Section matches file role.","keep","Section order is acceptable.","none","none","not_applicable","none","0","none","not_applicable"
"90_Sandbox/ai_workbooks/wp_oss_doc_visual_01_2026-03-02/wb_role_tokens_01.md","36","1","Workbook: Role Token Revision and Agent Delegation Standards","workbook","keep","Section matches file role.","keep","Section order is acceptable.","none","none","not_applicable","none","0","none","not_applicable"
"90_Sandbox/ai_workbooks/wp_oss_doc_visual_01_2026-03-02/wb_role_tokens_01.md","38","2","Status Checklist","workbook","keep","Section matches file role.","keep","Section order is acceptable.","none","none","not_applicable","none","0","none","not_applicable"
"90_Sandbox/ai_workbooks/wp_oss_doc_visual_01_2026-03-02/wb_role_tokens_01.md","52","2","Ordered Execution Queue","workbook","keep","Section matches file role.","keep","Section order is acceptable.","none","none","not_applicable","none","0","none","not_applicable"
"90_Sandbox/ai_workbooks/wp_oss_doc_visual_01_2026-03-02/wb_role_tokens_01.md","56","3","Phase 0: Cold-Start and Pre-flight (Agent — Level 0)","workbook","keep","Section matches file role.","keep","Section order is acceptable.","none","none","not_applicable","none","0","none","not_applicable"
"90_Sandbox/ai_workbooks/wp_oss_doc_visual_01_2026-03-02/wb_role_tokens_01.md","66","3","Phase 1: L3 Guide Changes (Agent — authorized by requestor 2026-03-02)","workbook","keep","Section matches file role.","keep","Section order is acceptable.","none","none","not_applicable","none","0","none","not_applicable"
"90_Sandbox/ai_workbooks/wp_oss_doc_visual_01_2026-03-02/wb_role_tokens_01.md","81","3","Phase 2: L4 Deferred Items (Logged — awaiting explicit authorization)","workbook","keep","Section matches file role.","keep","Section order is acceptable.","none","none","not_applicable","none","0","none","not_applicable"
"90_Sandbox/ai_workbooks/wp_oss_doc_visual_01_2026-03-02/wb_role_tokens_01.md","96","3","Phase 3: Completion Finalization (Agent)","workbook","keep","Section matches file role.","keep","Section order is acceptable.","none","none","not_applicable","none","0","none","not_applicable"
"90_Sandbox/ai_workbooks/wp_oss_doc_visual_01_2026-03-02/wb_role_tokens_01.md","102","3","Phase 4: Selfcheck","workbook","keep","Section matches file role.","keep","Section order is acceptable.","none","none","not_applicable","none","0","none","not_applicable"
"90_Sandbox/ai_workbooks/wp_oss_doc_visual_01_2026-03-02/wb_role_tokens_01.md","107","3","Phase 5: Crosscheck","workbook","keep","Section matches file role.","keep","Section order is acceptable.","none","none","not_applicable","none","0","none","not_applicable"
"90_Sandbox/ai_workbooks/wp_oss_doc_visual_01_2026-03-02/wb_role_tokens_01.md","115","2","Cold-Start Execution Contract","workbook","keep","Section matches file role.","keep","Section order is acceptable.","none","none","not_applicable","none","0","none","not_applicable"
"90_Sandbox/ai_workbooks/wp_oss_doc_visual_01_2026-03-02/wb_role_tokens_01.md","129","2","Pre-Execution Readiness Gate","workbook","keep","Section matches file role.","keep","Section order is acceptable.","none","none","not_applicable","none","0","none","not_applicable"
"90_Sandbox/ai_workbooks/wp_oss_doc_visual_01_2026-03-02/wb_role_tokens_01.md","140","2","Placement Decision Record","workbook","keep","Section matches file role.","keep","Section order is acceptable.","none","none","not_applicable","none","0","none","not_applicable"
"90_Sandbox/ai_workbooks/wp_oss_doc_visual_01_2026-03-02/wb_role_tokens_01.md","152","2","Approved Role Token Renames","workbook","keep","Section matches file role.","keep","Section order is acceptable.","none","none","not_applicable","none","0","none","not_applicable"
"90_Sandbox/ai_workbooks/wp_oss_doc_visual_01_2026-03-02/wb_role_tokens_01.md","163","2","WB3 Deferred Items Resolution","workbook","keep","Section matches file role.","keep","Section order is acceptable.","none","none","not_applicable","none","0","none","not_applicable"
"90_Sandbox/ai_workbooks/wp_oss_doc_visual_01_2026-03-02/wb_role_tokens_01.md","182","2","Validation Commands","workbook","keep","Section matches file role.","keep","Section order is acceptable.","none","none","not_applicable","none","0","none","not_applicable"
"90_Sandbox/ai_workbooks/wp_oss_doc_visual_01_2026-03-02/wb_role_tokens_01.md","192","2","Verification Checklist","workbook","keep","Section matches file role.","keep","Section order is acceptable.","none","none","not_applicable","none","0","none","not_applicable"
"90_Sandbox/ai_workbooks/wp_oss_doc_visual_01_2026-03-02/wb_role_tokens_01.md","204","2","Execution Notes","workbook","keep","Section matches file role.","keep","Section order is acceptable.","none","none","not_applicable","none","0","none","not_applicable"
"90_Sandbox/ai_workbooks/wp_oss_doc_visual_01_2026-03-02/wb_role_tokens_01.md","206","3","Session 2026-03-02 — WB6 Created","workbook","keep","Section matches file role.","keep","Section order is acceptable.","none","none","not_applicable","none","0","none","not_applicable"
"90_Sandbox/ai_workbooks/wp_oss_doc_visual_01_2026-03-02/wb_role_tokens_01.md","218","2","Selfcheck Results","workbook","keep","Section matches file role.","keep","Section order is acceptable.","none","none","not_applicable","none","0","none","not_applicable"
"90_Sandbox/ai_workbooks/wp_oss_doc_visual_01_2026-03-02/wb_role_tokens_01.md","239","2","Crosscheck Stop Marker","workbook","keep","Section matches file role.","keep","Section order is acceptable.","none","none","not_applicable","none","0","none","not_applicable"
"90_Sandbox/ai_workbooks/wp_oss_doc_visual_01_2026-03-02/wb_role_tokens_01.md","247","2","Requestor Review Gate","workbook","keep","Section matches file role.","keep","Section order is acceptable.","none","none","not_applicable","none","0","none","not_applicable"
"90_Sandbox/ai_workbooks/wp_oss_doc_visual_01_2026-03-02/wb_07_chart_revision_01.md","40","1","Workbook 07: Chart Revision Pass","workbook","keep","Section matches file role.","keep","Section order is acceptable.","none","none","not_applicable","none","0","none","not_applicable"
"90_Sandbox/ai_workbooks/wp_oss_doc_visual_01_2026-03-02/wb_07_chart_revision_01.md","42","2","Status Checklist","workbook","keep","Section matches file role.","keep","Section order is acceptable.","none","none","not_applicable","none","0","none","not_applicable"
"90_Sandbox/ai_workbooks/wp_oss_doc_visual_01_2026-03-02/wb_07_chart_revision_01.md","51","2","Approvals and Decisions","workbook","keep","Section matches file role.","keep","Section order is acceptable.","none","none","not_applicable","none","0","none","not_applicable"
"90_Sandbox/ai_workbooks/wp_oss_doc_visual_01_2026-03-02/wb_07_chart_revision_01.md","53","3","Pre-Authorized","workbook","keep","Section matches file role.","keep","Section order is acceptable.","none","none","not_applicable","none","0","none","not_applicable"
"90_Sandbox/ai_workbooks/wp_oss_doc_visual_01_2026-03-02/wb_07_chart_revision_01.md","60","3","Open Items","workbook","keep","Section matches file role.","keep","Section order is acceptable.","none","none","not_applicable","none","0","none","not_applicable"
"90_Sandbox/ai_workbooks/wp_oss_doc_visual_01_2026-03-02/wb_07_chart_revision_01.md","64","3","Locked Design Decisions","workbook","keep","Section matches file role.","keep","Section order is acceptable.","none","none","not_applicable","none","0","none","not_applicable"
"90_Sandbox/ai_workbooks/wp_oss_doc_visual_01_2026-03-02/wb_07_chart_revision_01.md","76","2","Ordered Execution Queue","workbook","keep","Section matches file role.","keep","Section order is acceptable.","none","none","not_applicable","none","0","none","not_applicable"
"90_Sandbox/ai_workbooks/wp_oss_doc_visual_01_2026-03-02/wb_07_chart_revision_01.md","78","3","Phase 0: Pre-Flight and Ambiguity Gate","workbook","keep","Section matches file role.","keep","Section order is acceptable.","none","none","not_applicable","none","0","none","not_applicable"
"90_Sandbox/ai_workbooks/wp_oss_doc_visual_01_2026-03-02/wb_07_chart_revision_01.md","86","3","Phase 1: Revise All 10 Chart Drafts","workbook","keep","Section matches file role.","keep","Section order is acceptable.","none","none","not_applicable","none","0","none","not_applicable"
"90_Sandbox/ai_workbooks/wp_oss_doc_visual_01_2026-03-02/wb_07_chart_revision_01.md","99","3","Phase 2: Lint and Validation","workbook","keep","Section matches file role.","keep","Section order is acceptable.","none","none","not_applicable","none","0","none","not_applicable"
"90_Sandbox/ai_workbooks/wp_oss_doc_visual_01_2026-03-02/wb_07_chart_revision_01.md","104","3","Phase 3: Completion Finalization","workbook","keep","Section matches file role.","keep","Section order is acceptable.","none","none","not_applicable","none","0","none","not_applicable"
"90_Sandbox/ai_workbooks/wp_oss_doc_visual_01_2026-03-02/wb_07_chart_revision_01.md","110","3","Phase 4: Selfcheck (max 3 iterations)","workbook","keep","Section matches file role.","keep","Section order is acceptable.","none","none","not_applicable","none","0","none","not_applicable"
"90_Sandbox/ai_workbooks/wp_oss_doc_visual_01_2026-03-02/wb_07_chart_revision_01.md","117","3","Phase 5: Crosscheck","workbook","keep","Section matches file role.","keep","Section order is acceptable.","none","none","not_applicable","none","0","none","not_applicable"
"90_Sandbox/ai_workbooks/wp_oss_doc_visual_01_2026-03-02/wb_07_chart_revision_01.md","122","2","Cold-Start Execution Contract","workbook","keep","Section matches file role.","keep","Section order is acceptable.","none","none","not_applicable","none","0","none","not_applicable"
"90_Sandbox/ai_workbooks/wp_oss_doc_visual_01_2026-03-02/wb_07_chart_revision_01.md","139","2","Pre-Execution Readiness Gate","workbook","keep","Section matches file role.","keep","Section order is acceptable.","none","none","not_applicable","none","0","none","not_applicable"
"90_Sandbox/ai_workbooks/wp_oss_doc_visual_01_2026-03-02/wb_07_chart_revision_01.md","147","2","Scope","workbook","keep","Section matches file role.","keep","Section order is acceptable.","none","none","not_applicable","none","0","none","not_applicable"
"90_Sandbox/ai_workbooks/wp_oss_doc_visual_01_2026-03-02/wb_07_chart_revision_01.md","153","2","Inputs","workbook","keep","Section matches file role.","keep","Section order is acceptable.","none","none","not_applicable","none","0","none","not_applicable"
"90_Sandbox/ai_workbooks/wp_oss_doc_visual_01_2026-03-02/wb_07_chart_revision_01.md","160","2","Design Notes: Chart 01 Artifact Inventory","workbook","keep","Section matches file role.","keep","Section order is acceptable.","none","none","not_applicable","none","0","none","not_applicable"
"90_Sandbox/ai_workbooks/wp_oss_doc_visual_01_2026-03-02/wb_07_chart_revision_01.md","189","2","Outputs","workbook","keep","Section matches file role.","keep","Section order is acceptable.","none","none","not_applicable","none","0","none","not_applicable"
"90_Sandbox/ai_workbooks/wp_oss_doc_visual_01_2026-03-02/wb_07_chart_revision_01.md","195","2","Verification Checklist","workbook","keep","Section matches file role.","keep","Section order is acceptable.","none","none","not_applicable","none","0","none","not_applicable"
"90_Sandbox/ai_workbooks/wp_oss_doc_visual_01_2026-03-02/wb_07_chart_revision_01.md","205","2","Execution Notes","workbook","keep","Section matches file role.","keep","Section order is acceptable.","none","none","not_applicable","none","0","none","not_applicable"
"90_Sandbox/ai_workbooks/wp_oss_doc_visual_01_2026-03-02/wb_07_chart_revision_01.md","252","2","Selfcheck Record","workbook","keep","Section matches file role.","keep","Section order is acceptable.","none","none","not_applicable","none","0","none","not_applicable"
"90_Sandbox/ai_workbooks/wp_oss_doc_visual_01_2026-03-02/wb_07_chart_revision_01.md","261","2","Crosscheck Stop Marker","workbook","keep","Section matches file role.","keep","Section order is acceptable.","none","none","not_applicable","none","0","none","not_applicable"
"90_Sandbox/ai_workbooks/wp_oss_doc_visual_01_2026-03-02/wb_07_chart_revision_01.md","271","2","Requestor Review Gate","workbook","keep","Section matches file role.","keep","Section order is acceptable.","none","none","not_applicable","none","0","none","not_applicable"
"90_Sandbox/ai_workbooks/wp_oss_doc_visual_01_2026-03-02/review_wp_oss_doc_visual_01_current_state_2026-03-03_r2.md","20","1","Crosscheck Review - wp_oss_doc_visual_01 current state rerun","review_file","keep","Section matches file role.","keep","Section order is acceptable.","none","none","not_applicable","none","0","none","not_applicable"
"90_Sandbox/ai_workbooks/wp_oss_doc_visual_01_2026-03-02/review_wp_oss_doc_visual_01_current_state_2026-03-03_r2.md","22","2","Executive Summary","review_file","keep","Section matches file role.","keep","Section order is acceptable.","none","none","not_applicable","none","0","none","not_applicable"
"90_Sandbox/ai_workbooks/wp_oss_doc_visual_01_2026-03-02/review_wp_oss_doc_visual_01_current_state_2026-03-03_r2.md","29","2","Review Context","review_file","keep","Section matches file role.","keep","Section order is acceptable.","none","none","not_applicable","none","0","none","not_applicable"
"90_Sandbox/ai_workbooks/wp_oss_doc_visual_01_2026-03-02/review_wp_oss_doc_visual_01_current_state_2026-03-03_r2.md","38","2","Evidence Ledger (Required)","review_file","keep","Section matches file role.","keep","Section order is acceptable.","none","none","not_applicable","none","0","none","not_applicable"
"90_Sandbox/ai_workbooks/wp_oss_doc_visual_01_2026-03-02/review_wp_oss_doc_visual_01_current_state_2026-03-03_r2.md","61","2","CSCC Readiness Audit","review_file","keep","Section matches file role.","keep","Section order is acceptable.","none","none","not_applicable","none","0","none","not_applicable"
"90_Sandbox/ai_workbooks/wp_oss_doc_visual_01_2026-03-02/review_wp_oss_doc_visual_01_current_state_2026-03-03_r2.md","70","2","Source Control Traceability (Bottom-Up)","review_file","keep","Section matches file role.","keep","Section order is acceptable.","none","none","not_applicable","none","0","none","not_applicable"
"90_Sandbox/ai_workbooks/wp_oss_doc_visual_01_2026-03-02/review_wp_oss_doc_visual_01_current_state_2026-03-03_r2.md","72","3","Changed Files Inventory","review_file","keep","Section matches file role.","keep","Section order is acceptable.","none","none","not_applicable","none","0","none","not_applicable"
"90_Sandbox/ai_workbooks/wp_oss_doc_visual_01_2026-03-02/review_wp_oss_doc_visual_01_current_state_2026-03-03_r2.md","76","3","Traceability Summary","review_file","keep","Section matches file role.","keep","Section order is acceptable.","none","none","not_applicable","none","0","none","not_applicable"
"90_Sandbox/ai_workbooks/wp_oss_doc_visual_01_2026-03-02/review_wp_oss_doc_visual_01_current_state_2026-03-03_r2.md","82","3","Untraced Changes (Requires Justification)","review_file","keep","Section matches file role.","keep","Section order is acceptable.","none","none","not_applicable","none","0","none","not_applicable"
"90_Sandbox/ai_workbooks/wp_oss_doc_visual_01_2026-03-02/review_wp_oss_doc_visual_01_current_state_2026-03-03_r2.md","86","2","Findings (Ordered by Severity)","review_file","keep","Section matches file role.","keep","Section order is acceptable.","none","none","not_applicable","none","0","none","not_applicable"
"90_Sandbox/ai_workbooks/wp_oss_doc_visual_01_2026-03-02/review_wp_oss_doc_visual_01_current_state_2026-03-03_r2.md","88","3","Critical (Blocking)","review_file","keep","Section matches file role.","keep","Section order is acceptable.","none","none","not_applicable","none","0","none","not_applicable"
"90_Sandbox/ai_workbooks/wp_oss_doc_visual_01_2026-03-02/review_wp_oss_doc_visual_01_current_state_2026-03-03_r2.md","92","3","Medium (Should Fix)","review_file","keep","Section matches file role.","keep","Section order is acceptable.","none","none","not_applicable","none","0","none","not_applicable"
"90_Sandbox/ai_workbooks/wp_oss_doc_visual_01_2026-03-02/review_wp_oss_doc_visual_01_current_state_2026-03-03_r2.md","119","3","Low (Non-Blocking)","review_file","keep","Section matches file role.","keep","Section order is acceptable.","none","none","not_applicable","none","0","none","not_applicable"
"90_Sandbox/ai_workbooks/wp_oss_doc_visual_01_2026-03-02/review_wp_oss_doc_visual_01_current_state_2026-03-03_r2.md","136","2","Draft Axis Assessment (Per Chart)","review_file","keep","Section matches file role.","keep","Section order is acceptable.","none","none","not_applicable","none","0","none","not_applicable"
"90_Sandbox/ai_workbooks/wp_oss_doc_visual_01_2026-03-02/review_wp_oss_doc_visual_01_current_state_2026-03-03_r2.md","151","2","Proposal vs Verified Guard","review_file","keep","Section matches file role.","keep","Section order is acceptable.","none","none","not_applicable","none","0","none","not_applicable"
"90_Sandbox/ai_workbooks/wp_oss_doc_visual_01_2026-03-02/review_wp_oss_doc_visual_01_current_state_2026-03-03_r2.md","157","2","Scope Integrity","review_file","keep","Section matches file role.","keep","Section order is acceptable.","none","none","not_applicable","none","0","none","not_applicable"
"90_Sandbox/ai_workbooks/wp_oss_doc_visual_01_2026-03-02/review_wp_oss_doc_visual_01_current_state_2026-03-03_r2.md","162","2","Scope Verification (Bottom-Up)","review_file","keep","Section matches file role.","keep","Section order is acceptable.","none","none","not_applicable","none","0","none","not_applicable"
"90_Sandbox/ai_workbooks/wp_oss_doc_visual_01_2026-03-02/review_wp_oss_doc_visual_01_current_state_2026-03-03_r2.md","170","2","Repo Axis Compliance","review_file","keep","Section matches file role.","keep","Section order is acceptable.","none","none","not_applicable","none","0","none","not_applicable"
"90_Sandbox/ai_workbooks/wp_oss_doc_visual_01_2026-03-02/review_wp_oss_doc_visual_01_current_state_2026-03-03_r2.md","172","3","Clarity Pass (Cold-Start Read)","review_file","keep","Section matches file role.","keep","Section order is acceptable.","none","none","not_applicable","none","0","none","not_applicable"
"90_Sandbox/ai_workbooks/wp_oss_doc_visual_01_2026-03-02/review_wp_oss_doc_visual_01_current_state_2026-03-03_r2.md","179","3","Thrift Pass","review_file","keep","Section matches file role.","keep","Section order is acceptable.","none","none","not_applicable","none","0","none","not_applicable"
"90_Sandbox/ai_workbooks/wp_oss_doc_visual_01_2026-03-02/review_wp_oss_doc_visual_01_current_state_2026-03-03_r2.md","186","3","Context Pass (Downstream Placement)","review_file","keep","Section matches file role.","keep","Section order is acceptable.","none","none","not_applicable","none","0","none","not_applicable"
"90_Sandbox/ai_workbooks/wp_oss_doc_visual_01_2026-03-02/review_wp_oss_doc_visual_01_current_state_2026-03-03_r2.md","192","3","Governance Pass (Upstream Placement)","review_file","keep","Section matches file role.","keep","Section order is acceptable.","none","none","not_applicable","none","0","none","not_applicable"
"90_Sandbox/ai_workbooks/wp_oss_doc_visual_01_2026-03-02/review_wp_oss_doc_visual_01_current_state_2026-03-03_r2.md","198","3","Streamlining Pass","review_file","keep","Section matches file role.","keep","Section order is acceptable.","none","none","not_applicable","none","0","none","not_applicable"
"90_Sandbox/ai_workbooks/wp_oss_doc_visual_01_2026-03-02/review_wp_oss_doc_visual_01_current_state_2026-03-03_r2.md","204","2","Smoke Pass Checklist","review_file","keep","Section matches file role.","keep","Section order is acceptable.","none","none","not_applicable","none","0","none","not_applicable"
"90_Sandbox/ai_workbooks/wp_oss_doc_visual_01_2026-03-02/review_wp_oss_doc_visual_01_current_state_2026-03-03_r2.md","211","2","Reviewer Integrity Check","review_file","keep","Section matches file role.","keep","Section order is acceptable.","none","none","not_applicable","none","0","none","not_applicable"
"90_Sandbox/ai_workbooks/wp_oss_doc_visual_01_2026-03-02/review_wp_oss_doc_visual_01_current_state_2026-03-03_r2.md","218","2","Review Status","review_file","keep","Section matches file role.","keep","Section order is acceptable.","none","none","not_applicable","none","0","none","not_applicable"
"00_Admin/guides/README.md","13","1","Guides Index","guide_index","keep","Section matches file role.","keep","Section order is acceptable.","none","none","not_applicable","none","0","none","not_applicable"
"00_Admin/guides/README.md","17","2","Navigation by Topic","guide_index","keep","Section matches file role.","keep","Section order is acceptable.","none","none","not_applicable","none","0","none","not_applicable"
"00_Admin/guides/README.md","19","3","AI Operations (Critical for Agents)","guide_index","keep","Section matches file role.","keep","Section order is acceptable.","none","none","not_applicable","none","0","none","not_applicable"
"00_Admin/guides/README.md","40","3","Architecture and Structure","guide_index","keep","Section matches file role.","keep","Section order is acceptable.","none","none","not_applicable","none","0","none","not_applicable"
"00_Admin/guides/README.md","53","3","Authoring and Formatting","guide_index","keep","Section matches file role.","keep","Section order is acceptable.","none","none","not_applicable","none","0","none","not_applicable"
"00_Admin/guides/README.md","71","3","Tooling and Environment","guide_index","keep","Section matches file role.","keep","Section order is acceptable.","none","none","not_applicable","none","0","none","not_applicable"
"00_Admin/guides/README.md","79","3","Other Guides","guide_index","keep","Section matches file role.","keep","Section order is acceptable.","none","none","not_applicable","none","0","none","not_applicable"
"00_Admin/guides/README.md","87","2","Guide Characteristics","guide_index","keep","Section matches file role.","keep","Section order is acceptable.","none","none","not_applicable","none","0","none","not_applicable"
"00_Admin/guides/README.md","97","2","Reading Strategy","guide_index","keep","Section matches file role.","keep","Section order is acceptable.","none","none","not_applicable","none","0","none","not_applicable"
"00_Admin/guides/README.md","112","2","Module-Specific Guides","guide_index","keep","Section matches file role.","keep","Section order is acceptable.","none","none","not_applicable","none","0","none","not_applicable"
"00_Admin/guides/README.md","124","2","See Also","guide_index","keep","Section matches file role.","keep","Section order is acceptable.","none","none","not_applicable","none","0","none","not_applicable"
"00_Admin/guides/runbooks/README.md","1","1","Runbooks","guide_stub_index","move_downstream","Runbook index content duplicates canonical downstream runbooks index.","keep","Section order is acceptable.","cluster_runbook_index","00_Admin/runbooks/README.md#runbooks-index","context_downstream","pointer","1","low","warning"
"00_Admin/runbooks/README.md","13","1","Runbooks Index","runbook_index","keep","Section matches file role.","keep","Section order is acceptable.","none","none","not_applicable","none","0","none","not_applicable"
"00_Admin/runbooks/README.md","17","2","Active Runbooks","runbook_index","keep","Section matches file role.","keep","Section order is acceptable.","none","none","not_applicable","none","0","none","not_applicable"
"00_Admin/runbooks/README.md","30","2","Usage","runbook_index","keep","Section matches file role.","keep","Section order is acceptable.","none","none","not_applicable","none","0","none","not_applicable"
"00_Admin/runbooks/README.md","36","2","Trashed Runbooks (2026-01-25)","runbook_index","keep","Section matches file role.","keep","Section order is acceptable.","none","none","not_applicable","none","0","none","not_applicable"
"00_Admin/runbooks/README.md","46","2","Notes","runbook_index","keep","Section matches file role.","keep","Section order is acceptable.","none","none","not_applicable","none","0","none","not_applicable"
